[
  {
    "id": 1,
    "cpf": "11111111111",
    "nome": "Adalgamir Pinto",
    "idade": 50
  },
  {
    "id": 2,
    "cpf": "21111111112",
    "nome": "Rosane Rocha",
    "idade": 31
  },
  {
    "id": 3,
    "cpf": "31111111113",
    "nome": "Rubens Vieira",
    "idade": 45
  },
  {
    "id": 4,
    "cpf": "41111111114",
    "nome": "Alice Brito",
    "idade": 20
  },
  {
    "id": 5,
    "cpf": "51111111115",
    "nome": "Rafael Moreira",
    "idade": 25
  },
  {
    "id": 6,
    "cpf": "61111111116",
    "nome": "Paulo Kuperdido",
    "idade": 18
  },
  {
    "id": 1,
    "cpf": "123.456.789-00",
    "nome": "Maria da Silva",
    "idade": 30
  }
]